Method,Accuracy
DNGR,0.9330000281333923
DeepWalk,0.9330000281333923
GraRep,0.9330000281333923
GraphFactorization,0.6800000071525574
GraphWave,0.37299999594688416
HARP_Deepwalk,0.9330000281333923
HARP_Node2Vec,0.9330000281333923
HOPE,0.3330000042915344
LINE,0.37299999594688416
LaplacianEigenmaps,0.37299999594688416
Node2Vec,0.9330000281333923
SDNE,0.37299999594688416
Struc2Vec,0.9869999885559082
