Method,Accuracy
DNGR,1.0
DeepWalk,1.0
GNN,1.0
GraRep,0.8529999852180481
GraphFactorization,0.6000000238418579
GraphWave,0.3330000042915344
HARP_Deepwalk,1.0
HARP_Node2Vec,1.0
HOPE,0.3199999928474426
LINE,0.34700000286102295
LaplacianEigenmaps,0.3330000042915344
Node2Vec,1.0
SDNE,0.3330000042915344
Struc2Vec,0.9869999885559082
